Survived,Pclass,Sex,Age,SibSp,Parch,Ticket,Fare,Cabin,Embarked,FamilySize,AgeCategory,FareCategory
0,3,0,22.0,1,0,A/5 21171,-0.5021631365156053,,S,2,young_adult,very_low
1,1,1,38.0,1,0,PC 17599,0.7864036178345383,C85,C,2,adult,very_low
1,3,1,26.0,0,0,STON/O2. 3101282,-0.48857985158126105,,S,1,young_adult,very_low
1,1,1,35.0,1,0,113803,0.4204940697654092,C123,S,2,adult,very_low
0,3,0,35.0,0,0,373450,-0.48606442844527137,,S,1,adult,very_low
0,3,0,29.69911764705882,0,0,330877,-0.4778480503138746,,Q,1,young_adult,very_low
0,1,0,54.0,0,0,17463,0.3955913807191113,E46,S,1,senior,very_low
0,3,0,2.0,3,1,349909,-0.22395733767514675,,S,5,child,very_low
1,3,1,27.0,0,2,347742,-0.42401799520369554,,S,3,young_adult,very_low
1,2,1,14.0,1,0,237736,-0.04293139010125909,,C,2,child,very_low
1,3,1,4.0,1,1,PP 9549,-0.3119971474347855,G6,S,3,child,very_low
1,1,1,58.0,0,0,113783,-0.11378180431879875,C103,S,1,senior,very_low
0,3,0,20.0,0,0,A/5. 2151,-0.48606442844527137,,S,1,young_adult,very_low
0,3,0,39.0,1,5,347082,-0.01869880977838891,,S,7,adult,very_low
0,3,1,14.0,0,0,350406,-0.4900045872454856,,S,1,child,very_low
1,2,1,55.0,0,0,248706,-0.32608351699632776,,S,1,senior,very_low
0,3,0,2.0,4,1,382652,-0.061964087717411374,,Q,6,child,very_low
1,2,0,29.69911764705882,0,0,244373,-0.38645367226008004,,S,1,young_adult,very_low
0,3,1,31.0,1,0,345763,-0.28583674682049287,,S,2,adult,very_low
1,3,1,29.69911764705882,0,0,2649,-0.5026662211428032,,C,1,young_adult,very_low
0,2,0,35.0,0,0,239865,-0.12484966611715337,,S,1,adult,very_low
1,2,0,34.0,0,0,248698,-0.38645367226008004,D56,S,1,adult,very_low
1,3,1,15.0,0,0,330923,-0.48648299485510005,,Q,1,child,very_low
1,1,0,28.0,0,0,113788,0.06632249221806229,A6,S,1,young_adult,very_low
0,3,1,8.0,3,1,349909,-0.22395733767514675,,S,5,child,very_low
1,3,1,38.0,1,5,347077,-0.016434928955998185,,S,7,adult,very_low
0,3,0,29.69911764705882,0,0,2631,-0.5026662211428032,,C,1,young_adult,very_low
0,1,0,19.0,3,2,19950,4.644392599719279,C23 C25 C27,S,6,young_adult,very_low
1,3,1,29.69911764705882,0,0,330959,-0.4895015026182876,,Q,1,young_adult,very_low
0,3,0,29.69911764705882,0,0,349216,-0.4891674544258282,,S,1,young_adult,very_low
0,1,0,40.0,0,0,PC 17601,-0.09022134505786503,,C,1,adult,very_low
1,1,1,29.69911764705882,1,0,PC 17569,2.300436803386727,B78,C,2,young_adult,very_low
1,3,1,29.69911764705882,0,0,335677,-0.49210144397164657,,Q,1,young_adult,very_low
0,2,0,66.0,0,0,C.A. 24579,-0.43676213497987365,,S,1,senior,very_low
0,1,0,28.0,1,0,PC 17604,1.0054969729792393,,C,2,young_adult,very_low
0,1,0,42.0,1,0,113789,0.39835834616870003,,S,2,adult,very_low
1,3,0,29.69911764705882,0,0,2677,-0.502581702925434,,C,1,young_adult,very_low
0,3,0,21.0,0,0,A./5. 2152,-0.48606442844527137,,S,1,young_adult,very_low
0,3,1,18.0,2,0,345764,-0.28583674682049287,,S,3,young_adult,very_low
1,3,1,14.0,1,0,2651,-0.4218366202601652,,C,2,child,very_low
0,3,1,40.0,1,0,7546,-0.457388604694989,,S,2,adult,very_low
0,2,1,27.0,1,0,11668,-0.22546659155674054,,S,2,young_adult,very_low
0,3,0,29.69911764705882,0,0,349253,-0.4891674544258282,,C,1,young_adult,very_low
1,2,1,3.0,1,2,SC/Paris 2123,0.18865657484452997,,C,4,child,very_low
1,3,1,19.0,0,0,330958,-0.4895015026182876,,Q,1,young_adult,very_low
0,3,0,29.69911764705882,0,0,S.C./A.4. 23567,-0.48606442844527137,,S,1,young_adult,very_low
0,3,0,29.69911764705882,1,0,370371,-0.3361452095402864,,Q,2,young_adult,very_low
1,3,1,29.69911764705882,0,0,14311,-0.49210144397164657,,Q,1,young_adult,very_low
0,3,0,29.69911764705882,2,0,2662,-0.211798788405027,,C,3,young_adult,very_low
0,3,1,18.0,1,0,349237,-0.28986142383807634,,S,2,young_adult,very_low
0,3,0,7.0,4,1,3101295,0.15058916727371655,,S,6,child,very_low
0,3,0,21.0,0,0,A/4. 39886,-0.49109527471725073,,S,1,young_adult,very_low
1,1,1,49.0,1,0,PC 17572,0.895993560684828,D33,C,2,adult,very_low
1,2,1,29.0,1,0,2926,-0.12484966611715337,,S,2,young_adult,very_low
0,1,0,65.0,0,1,113509,0.5991736306380456,B30,C,2,senior,very_low
1,1,0,29.69911764705882,0,0,19947,0.06632249221806229,C52,S,1,young_adult,very_low
1,2,1,21.0,0,0,C.A. 31026,-0.43676213497987365,,S,1,young_adult,very_low
0,3,0,28.5,0,0,2697,-0.502581702925434,,C,1,young_adult,very_low
1,2,1,5.0,1,2,C.A. 34651,-0.08963374221329785,,S,4,child,very_low
0,3,0,11.0,5,2,CA 2144,0.29572908222032107,,S,8,child,very_low
0,3,0,22.0,0,0,2669,-0.502581702925434,,C,1,young_adult,very_low
1,1,1,38.0,0,0,113572,0.9618131286303883,B28,,1,adult,very_low
0,1,0,45.0,1,0,36973,1.0317418918109011,C83,S,2,adult,very_low
0,3,0,4.0,3,2,347088,-0.08661523445011025,,S,6,child,very_low
0,1,0,29.69911764705882,0,0,PC 17605,-0.09022134505786503,,C,1,young_adult,very_low
1,3,0,29.69911764705882,1,1,2661,-0.34126057402963506,,C,3,young_adult,very_low
1,2,1,29.0,0,0,C.A. 29395,-0.43676213497987365,F33,S,1,young_adult,very_low
0,3,0,19.0,0,0,S.P. 3464,-0.4838850658402499,,S,1,young_adult,very_low
1,3,1,17.0,4,2,3101281,-0.48857985158126105,,S,7,child,very_low
0,3,0,26.0,2,0,315151,-0.4737388550789219,,S,3,young_adult,very_low
0,2,0,32.0,0,0,C.A. 33111,-0.43676213497987365,,S,1,adult,very_low
0,3,1,16.0,5,2,CA 2144,0.29572908222032107,,S,8,child,very_low
0,2,0,21.0,0,0,S.O.C. 14879,0.8310111255589249,,S,1,young_adult,very_low
0,3,0,26.0,1,0,2680,-0.3571902456652305,,C,2,young_adult,very_low
1,3,0,32.0,0,0,1601,0.48882906084695926,,S,1,adult,very_low
0,3,0,25.0,0,0,348123,-0.49411378248043836,F G73,S,1,young_adult,very_low
0,3,0,29.69911764705882,0,0,349208,-0.4891674544258282,,S,1,young_adult,very_low
0,3,0,29.69911764705882,0,0,374746,-0.48606442844527137,,S,1,young_adult,very_low
1,2,0,0.83,0,2,248738,-0.06447951085340105,,S,3,child,very_low
1,3,1,30.0,0,0,364516,-0.39701844943123665,,S,1,adult,very_low
0,3,0,22.0,0,0,345767,-0.4669472126117498,,S,1,young_adult,very_low
1,3,0,29.0,0,0,345779,-0.4568855200677911,,S,1,young_adult,very_low
1,3,1,29.69911764705882,0,0,330932,-0.49134681703084965,,Q,1,young_adult,very_low
0,1,0,28.0,0,0,113059,0.2997537592379046,,S,1,young_adult,very_low
1,2,1,17.0,0,0,SO/C 14885,-0.43676213497987365,,S,1,child,very_low
1,3,1,33.0,3,0,3101278,-0.32910202475951533,,S,4,adult,very_low
0,3,0,16.0,1,3,W./C. 6608,0.043683683994155176,,S,5,child,very_low
0,3,0,29.69911764705882,0,0,SOTON/OQ 392086,-0.48606442844527137,,S,1,young_adult,very_low
1,1,1,23.0,3,2,19950,4.644392599719279,C23 C25 C27,S,6,young_adult,very_low
0,3,0,24.0,0,0,343275,-0.48606442844527137,,S,1,young_adult,very_low
0,3,0,29.0,0,0,343276,-0.48606442844527137,,S,1,young_adult,very_low
0,3,0,20.0,0,0,347466,-0.4900045872454856,,S,1,young_adult,very_low
0,1,0,46.0,1,0,W.E.P. 5734,0.5829904043503424,E31,S,2,adult,very_low
0,3,0,26.0,1,2,C.A. 2315,-0.23401903021910547,,S,4,young_adult,very_low
0,3,0,59.0,0,0,364500,-0.5021631365156053,,S,1,senior,very_low
0,3,0,29.69911764705882,0,0,374910,-0.48606442844527137,,S,1,young_adult,very_low
0,1,0,71.0,0,0,PC 17754,0.04930213311070178,A5,C,1,senior,very_low
1,1,0,23.0,0,1,PC 17759,0.6269257910127927,D10 D12,C,2,young_adult,very_low
1,2,1,34.0,0,1,231919,-0.18521982138090567,,S,2,adult,very_low
0,2,0,34.0,1,0,244367,-0.12484966611715337,,S,2,adult,very_low
0,3,1,28.0,0,0,349245,-0.4891674544258282,,S,1,young_adult,very_low
0,3,0,29.69911764705882,0,0,349215,-0.4891674544258282,,S,1,young_adult,very_low
0,1,0,21.0,0,1,35281,0.907228446579412,D26,S,2,young_adult,very_low
0,3,0,33.0,0,0,7540,-0.47390587917515165,,S,1,adult,very_low
0,3,0,37.0,2,0,3101276,-0.48857985158126105,,S,3,adult,very_low
0,3,0,28.0,0,0,349207,-0.4891674544258282,,S,1,young_adult,very_low
1,3,1,21.0,0,0,343120,-0.49411378248043836,,S,1,young_adult,very_low
1,3,0,29.69911764705882,0,0,312991,-0.4915983593444487,,S,1,young_adult,very_low
0,3,0,38.0,0,0,349249,-0.4891674544258282,,S,1,adult,very_low
1,3,1,29.69911764705882,1,0,371110,-0.16207792852980066,,Q,2,young_adult,very_low
0,1,0,47.0,0,0,110465,0.39835834616870003,C110,S,1,adult,very_low
0,3,1,14.5,1,0,2665,-0.3571902456652305,,C,2,child,very_low
0,3,0,22.0,0,0,324669,-0.48606442844527137,,S,1,young_adult,very_low
0,3,1,20.0,1,0,4136,-0.45034541991421795,,S,2,young_adult,very_low
0,3,1,17.0,0,0,2627,-0.35710773978637,,C,1,child,very_low
0,3,0,21.0,0,0,STON/O 2. 3101294,-0.48857985158126105,,S,1,young_adult,very_low
0,3,0,70.5,0,0,370369,-0.49210144397164657,,Q,1,senior,very_low
0,2,0,29.0,1,0,11668,-0.22546659155674054,,S,2,young_adult,very_low
0,1,0,24.0,0,1,PC 17558,4.332898697266388,B58 B60,C,2,young_adult,very_low
0,3,1,2.0,4,2,347082,-0.01869880977838891,,S,7,child,very_low
0,2,0,21.0,2,0,S.O.C. 14879,0.8310111255589249,,S,3,young_adult,very_low
0,3,0,29.69911764705882,0,0,A4. 54510,-0.48606442844527137,,S,1,young_adult,very_low
0,2,0,32.5,1,0,237736,-0.04293139010125909,,C,2,adult,very_low
1,2,1,32.5,0,0,27267,-0.38645367226008004,E101,S,1,adult,very_low
0,1,0,54.0,0,1,35281,0.907228446579412,D26,S,2,senior,very_low
1,3,0,12.0,1,0,2651,-0.4218366202601652,,C,2,child,very_low
0,3,0,29.69911764705882,0,0,370372,-0.49210144397164657,,Q,1,young_adult,very_low
1,3,0,24.0,0,0,C 17369,-0.5043424991206268,,S,1,young_adult,very_low
1,3,1,29.69911764705882,1,1,2668,-0.1981329975918223,F E69,C,3,young_adult,very_low
0,3,0,45.0,0,0,347061,-0.5076970674147826,,S,1,adult,very_low
0,3,0,33.0,0,0,349241,-0.4891674544258282,,C,1,adult,very_low
0,3,0,20.0,0,0,SOTON/O.Q. 3101307,-0.5061878135331888,,S,1,young_adult,very_low
0,3,1,47.0,1,0,A/5. 3337,-0.35626859462820387,,S,2,adult,very_low
1,2,1,29.0,1,0,228414,-0.12484966611715337,,S,2,young_adult,very_low
0,2,0,25.0,0,0,C.A. 29178,-0.38645367226008004,,S,1,young_adult,very_low
0,2,0,23.0,0,0,SC/PARIS 2133,-0.3452852510472186,,C,1,young_adult,very_low
1,1,1,19.0,0,2,11752,-0.11914871112174634,D47,S,3,young_adult,very_low
0,1,0,37.0,1,0,113803,0.4204940697654092,C123,S,2,adult,very_low
0,3,0,16.0,0,0,7534,-0.4625864750631981,,S,1,child,very_low
0,1,0,24.0,0,0,PC 17593,0.9457144205600544,B86,C,1,young_adult,very_low
0,3,1,29.69911764705882,0,2,2678,-0.34126057402963506,,C,3,young_adult,very_low
1,3,1,22.0,0,0,347081,-0.49210144397164657,,S,1,young_adult,very_low
1,3,1,24.0,1,0,STON/O2. 3101279,-0.32910202475951533,,S,2,young_adult,very_low
0,3,0,19.0,0,0,365222,-0.512224829059564,,Q,1,young_adult,very_low
0,2,0,18.0,0,0,231945,-0.4166387498919562,,S,1,young_adult,very_low
0,2,0,19.0,1,1,C.A. 33112,0.0914767235779591,,S,3,young_adult,very_low
1,3,0,27.0,0,0,350043,-0.49117979293462,,S,1,young_adult,very_low
0,3,1,9.0,2,2,W./C. 6608,0.043683683994155176,,S,5,child,very_low
0,2,0,36.5,0,2,230080,-0.12484966611715337,F2,S,3,adult,very_low
0,2,0,42.0,0,0,244310,-0.38645367226008004,,S,1,adult,very_low
0,2,0,51.0,0,0,S.O.P. 1166,-0.39601228017684087,,S,1,senior,very_low
1,1,1,22.0,1,0,113776,0.6921597684522944,C2,S,2,young_adult,very_low
0,3,0,55.5,0,0,A.5. 11206,-0.48606442844527137,,S,1,senior,very_low
0,3,0,40.5,0,2,A/5. 851,-0.35626859462820387,,S,3,adult,very_low
0,3,0,29.69911764705882,0,0,Fa 265302,-0.5009054249476105,,S,1,young_adult,very_low
0,1,0,51.0,0,1,PC 17597,0.5870995995852952,,C,2,senior,very_low
1,3,1,16.0,0,0,35851,-0.4924375045026148,,Q,1,child,very_low
0,3,0,30.0,0,0,SOTON/OQ 392090,-0.48606442844527137,,S,1,adult,very_low
0,3,0,29.69911764705882,0,0,315037,-0.4737388550789219,,S,1,young_adult,very_low
0,3,0,29.69911764705882,8,2,CA. 2343,0.751523754461651,,S,11,young_adult,very_low
0,3,0,44.0,0,1,371362,-0.32407117848753597,,S,2,adult,very_low
1,2,1,40.0,0,0,C.A. 33595,-0.33111436326830707,,S,1,adult,very_low
0,3,0,26.0,0,0,347068,-0.4915983593444487,,S,1,young_adult,very_low
0,3,0,17.0,0,0,315093,-0.4737388550789219,,S,1,child,very_low
0,3,0,1.0,4,1,3101295,0.15058916727371655,,S,6,child,very_low
1,3,0,9.0,0,2,363291,-0.23502519947350137,,S,3,child,very_low
1,1,1,29.69911764705882,0,1,113505,0.4587285014324523,E33,S,2,young_adult,very_low
0,3,1,45.0,1,4,347088,-0.08661523445011025,,S,6,adult,very_low
0,1,0,29.69911764705882,0,0,PC 17318,-0.12635891999874715,,S,1,young_adult,very_low
0,3,0,28.0,0,0,1601,0.48882906084695926,,S,1,young_adult,very_low
0,1,0,61.0,0,0,111240,0.026075722042227415,B19,S,1,senior,very_low
0,3,0,4.0,4,1,382652,-0.061964087717411374,,Q,6,child,very_low
1,3,1,1.0,1,1,347742,-0.42401799520369554,,S,3,child,very_low
0,3,0,21.0,0,0,STON/O 2. 3101280,-0.48857985158126105,,S,1,young_adult,very_low
0,1,0,56.0,0,0,17764,-0.03035427442131069,A7,C,1,senior,very_low
0,3,0,18.0,1,1,350404,-0.4900045872454856,,S,3,young_adult,very_low
0,3,0,29.69911764705882,3,1,4133,-0.13558146738453974,,S,5,young_adult,very_low
0,1,1,50.0,0,0,PC 17595,-0.07026498406617734,C49,C,1,senior,very_low
0,2,0,30.0,0,0,250653,-0.38645367226008004,,S,1,adult,very_low
0,3,0,36.0,0,0,LINE,-0.6480576784030068,,S,1,adult,very_low
0,3,1,29.69911764705882,8,2,CA. 2343,0.751523754461651,,S,11,young_adult,very_low
0,2,0,29.69911764705882,0,0,SC/PARIS 2131,-0.3452007328298493,,C,1,young_adult,very_low
0,3,0,9.0,4,2,347077,-0.016434928955998185,,S,7,child,very_low
1,2,0,1.0,2,1,230136,0.13675434002577333,F4,S,4,child,very_low
1,3,1,4.0,0,2,315153,-0.2048401218416252,,S,3,child,very_low
0,1,0,29.69911764705882,0,0,113767,0.35811157599286514,A32,S,1,young_adult,very_low
1,3,1,29.69911764705882,1,0,370365,-0.3361452095402864,,Q,2,young_adult,very_low
1,1,0,45.0,0,0,111428,-0.11378180431879875,,S,1,adult,very_low
0,3,0,40.0,1,1,364849,-0.3361452095402864,,Q,3,adult,very_low
0,3,0,36.0,0,0,349247,-0.4891674544258282,,S,1,adult,very_low
1,2,1,32.0,0,0,234604,-0.38645367226008004,,S,1,adult,very_low
0,2,0,19.0,0,0,28424,-0.38645367226008004,,S,1,young_adult,very_low
1,3,1,19.0,1,0,350046,-0.4900045872454856,,S,2,young_adult,very_low
1,2,0,3.0,1,1,230080,-0.12484966611715337,F2,S,3,child,very_low
1,1,1,44.0,0,0,PC 17610,-0.09022134505786503,B4,C,1,adult,very_low
1,1,1,58.0,0,0,PC 17569,2.300436803386727,B80,C,1,senior,very_low
0,3,0,29.69911764705882,0,0,368703,-0.49210144397164657,,Q,1,young_adult,very_low
0,3,0,42.0,0,1,4579,-0.478936725447131,,S,2,adult,very_low
1,3,1,29.69911764705882,0,0,370370,-0.49210144397164657,,Q,1,young_adult,very_low
0,2,1,24.0,0,0,248747,-0.38645367226008004,,S,1,young_adult,very_low
0,3,0,28.0,0,0,345770,-0.4568855200677911,,S,1,young_adult,very_low
0,3,0,29.69911764705882,8,2,CA. 2343,0.751523754461651,,S,11,young_adult,very_low
0,3,0,34.0,0,0,3101264,-0.5173401935489127,,S,1,adult,very_low
0,3,0,45.5,0,0,2628,-0.5026662211428032,,C,1,adult,very_low
1,3,0,18.0,0,0,A/5 3540,-0.48606442844527137,,S,1,young_adult,very_low
0,3,1,2.0,0,1,347054,-0.43751676192067057,G6,S,2,child,very_low
0,3,0,32.0,1,0,3101278,-0.32910202475951533,,S,2,adult,very_low
1,3,0,26.0,0,0,2699,-0.26998958106375787,,C,1,young_adult,very_low
1,3,1,16.0,0,0,367231,-0.49210144397164657,,Q,1,child,very_low
1,1,0,40.0,0,0,112277,-0.024232740677566176,A31,C,1,adult,very_low
0,3,0,24.0,0,0,SOTON/O.Q. 3101311,-0.5061878135331888,,S,1,young_adult,very_low
1,2,1,35.0,0,0,F.C.C. 13528,-0.22546659155674054,,S,1,adult,very_low
0,3,0,22.0,0,0,A/5 21174,-0.5021631365156053,,S,1,young_adult,very_low
0,2,0,30.0,0,0,250646,-0.38645367226008004,,S,1,adult,very_low
0,3,0,29.69911764705882,1,0,367229,-0.49210144397164657,,Q,2,young_adult,very_low
1,1,1,31.0,1,0,35273,1.6314187674308411,D36,C,2,adult,very_low
1,3,1,27.0,0,0,STON/O2. 3101283,-0.48857985158126105,,S,1,young_adult,very_low
0,2,0,42.0,1,0,243847,-0.10472628102923592,,S,2,adult,very_low
1,1,1,32.0,0,0,11813,0.8871895797088641,D15,C,1,adult,very_low
0,2,0,30.0,0,0,W/C 14208,-0.43676213497987365,,S,1,adult,very_low
1,3,0,16.0,0,0,SOTON/OQ 392089,-0.48606442844527137,,S,1,child,very_low
0,2,0,27.0,0,0,220367,-0.38645367226008004,,S,1,young_adult,very_low
0,3,0,51.0,0,0,21440,-0.48606442844527137,,S,1,senior,very_low
0,3,0,29.69911764705882,0,0,349234,-0.4891674544258282,,S,1,young_adult,very_low
1,1,0,38.0,1,0,19943,1.1630469795095626,C93,S,2,adult,very_low
0,3,0,22.0,0,0,PP 4348,-0.45990402783097867,,S,1,young_adult,very_low
1,2,0,19.0,0,0,SW/PP 751,-0.43676213497987365,,S,1,young_adult,very_low
0,3,0,20.5,0,0,A/5 21173,-0.5021631365156053,,S,1,young_adult,very_low
0,2,0,18.0,0,0,236171,-0.38645367226008004,,S,1,young_adult,very_low
0,3,1,29.69911764705882,3,1,4133,-0.13558146738453974,,S,5,young_adult,very_low
1,1,1,35.0,1,0,36973,1.0317418918109011,C83,S,2,adult,very_low
0,3,0,29.0,0,0,347067,-0.4915983593444487,,S,1,young_adult,very_low
0,2,0,59.0,0,0,237442,-0.3763919797161213,,S,1,senior,very_low
1,3,1,5.0,4,2,347077,-0.016434928955998185,,S,7,child,very_low
0,2,0,24.0,0,0,C.A. 29566,-0.43676213497987365,,S,1,young_adult,very_low
0,3,1,29.69911764705882,0,0,W./C. 6609,-0.4961261209892301,,S,1,young_adult,very_low
0,2,0,44.0,1,0,26707,-0.12484966611715337,,S,2,adult,very_low
1,2,1,8.0,0,2,C.A. 31921,-0.11981881984517401,,S,3,child,very_low
0,2,0,19.0,0,0,28665,-0.43676213497987365,,S,1,young_adult,very_low
0,2,0,33.0,0,0,SCO/W 1585,-0.40104312644882023,,S,1,adult,very_low
0,3,1,29.69911764705882,1,0,2665,-0.3571902456652305,,C,2,young_adult,very_low
1,3,1,29.69911764705882,1,0,367230,-0.3361452095402864,,Q,2,young_adult,very_low
0,2,0,29.0,0,0,W./C. 14263,-0.43676213497987365,,S,1,young_adult,very_low
0,3,0,22.0,0,0,STON/O 2. 3101275,-0.504678559651595,,S,1,young_adult,very_low
0,3,0,30.0,0,0,2694,-0.5026662211428032,,C,1,adult,very_low
0,1,0,44.0,2,0,19928,1.1630469795095626,C78,Q,3,adult,very_low
0,3,1,25.0,0,0,347071,-0.4915983593444487,,S,1,young_adult,very_low
1,2,1,24.0,0,2,250649,-0.35626859462820387,,S,3,young_adult,very_low
1,1,0,37.0,1,1,11751,0.40951072618442386,D35,S,3,adult,very_low
0,2,0,54.0,1,0,244252,-0.12484966611715337,,S,2,senior,very_low
0,3,0,29.69911764705882,0,0,362316,-0.5021631365156053,,S,1,young_adult,very_low
0,3,1,29.0,1,1,347054,-0.43751676192067057,G6,S,3,young_adult,very_low
0,1,0,62.0,0,0,113514,-0.11378180431879875,C87,S,1,senior,very_low
0,3,0,30.0,1,0,A/5. 3336,-0.32407117848753597,,S,2,adult,very_low
0,3,1,41.0,0,2,370129,-0.24131375731347557,,S,3,adult,very_low
1,3,1,29.0,0,2,2650,-0.34126057402963506,,C,3,young_adult,very_low
1,1,1,29.69911764705882,0,0,PC 17585,0.9457144205600544,,C,1,young_adult,very_low
1,1,1,30.0,0,0,110152,1.0926151317018515,B77,S,1,adult,very_low
1,1,1,35.0,0,0,PC 17755,9.661740104981664,,C,1,adult,very_low
1,2,1,50.0,0,1,230433,-0.12484966611715337,,S,2,senior,very_low
0,3,0,29.69911764705882,0,0,384461,-0.49210144397164657,,Q,1,young_adult,very_low
1,3,0,3.0,4,2,347077,-0.016434928955998185,,S,7,child,very_low
0,1,0,52.0,1,1,110413,0.9547699438496172,E67,S,3,senior,very_low
0,1,0,40.0,0,0,112059,-0.6480576784030068,B94,S,1,adult,very_low
0,3,1,29.69911764705882,0,0,382649,-0.49210144397164657,,Q,1,young_adult,very_low
0,2,0,36.0,0,0,C.A. 17248,-0.43676213497987365,,S,1,adult,very_low
0,3,0,16.0,4,1,3101295,0.15058916727371655,,S,6,child,very_low
1,3,0,25.0,1,0,347083,-0.4915983593444487,,S,2,young_adult,very_low
1,1,1,58.0,0,1,PC 17582,2.440127305651523,C125,S,2,senior,very_low
1,1,1,35.0,0,0,PC 17760,2.081343448242025,C99,S,1,adult,very_low
0,1,0,29.69911764705882,0,0,113798,-0.024232740677566176,,S,1,young_adult,very_low
1,3,0,25.0,0,0,LINE,-0.6480576784030068,,S,1,young_adult,very_low
1,2,1,41.0,0,1,250644,-0.2556516691886167,,S,2,adult,very_low
0,1,0,37.0,0,1,PC 17596,-0.05039314129185886,C118,C,2,adult,very_low
1,3,1,29.69911764705882,0,0,370375,-0.49210144397164657,,Q,1,young_adult,very_low
1,1,1,63.0,1,0,13502,0.9207272132963871,D7,S,2,senior,very_low
0,3,1,45.0,0,0,347073,-0.49210144397164657,,S,1,adult,very_low
0,2,0,29.69911764705882,0,0,239853,-0.6480576784030068,,S,1,young_adult,very_low
0,3,0,7.0,4,1,382652,-0.061964087717411374,,Q,6,child,very_low
1,3,1,35.0,1,1,C.A. 2673,-0.24055913037267862,,S,3,adult,very_low
0,3,0,65.0,0,0,336439,-0.49210144397164657,,Q,1,senior,very_low
0,3,0,28.0,0,0,347464,-0.4900045872454856,,S,1,young_adult,very_low
0,3,0,16.0,0,0,345778,-0.4568855200677911,,S,1,child,very_low
1,3,0,19.0,0,0,A/5. 10482,-0.48606442844527137,,S,1,young_adult,very_low
0,1,0,29.69911764705882,0,0,113056,-0.12484966611715337,A19,S,1,young_adult,very_low
0,3,0,33.0,0,0,349239,-0.4737388550789219,,C,1,adult,very_low
1,3,0,30.0,0,0,345774,-0.4568855200677911,,S,1,adult,very_low
0,3,0,22.0,0,0,349206,-0.4891674544258282,,S,1,young_adult,very_low
1,2,0,42.0,0,0,237798,-0.38645367226008004,,S,1,adult,very_low
1,3,1,22.0,0,0,370373,-0.49210144397164657,,Q,1,young_adult,very_low
1,1,1,26.0,0,0,19877,0.938671235779283,,S,1,young_adult,very_low
1,1,1,19.0,1,0,11967,1.1847641366964432,B49,C,2,young_adult,very_low
0,2,0,36.0,0,0,SC/Paris 2163,-0.3889690953960697,D,C,1,adult,very_low
0,3,1,24.0,0,0,349236,-0.4699657203749374,,S,1,young_adult,very_low
0,3,0,24.0,0,0,349233,-0.4891674544258282,,S,1,young_adult,very_low
0,1,0,29.69911764705882,0,0,PC 17612,-0.09022134505786503,,C,1,young_adult,very_low
0,3,0,23.5,0,0,2693,-0.502581702925434,,C,1,young_adult,very_low
0,1,1,2.0,1,2,113781,2.401641331670881,C22 C26,S,4,child,very_low
1,1,0,29.69911764705882,0,0,19988,-0.034294433221524895,C106,S,1,young_adult,very_low
1,1,1,50.0,0,1,PC 17558,4.332898697266388,B58 B60,C,2,senior,very_low
1,3,1,29.69911764705882,0,0,9234,-0.49210144397164657,,Q,1,young_adult,very_low
1,3,0,29.69911764705882,2,0,367226,-0.1801889751089263,,Q,3,young_adult,very_low
0,3,0,19.0,0,0,LINE,-0.6480576784030068,,S,1,young_adult,very_low
1,2,1,29.69911764705882,0,0,226593,-0.39953387256722633,E101,Q,1,young_adult,very_low
0,3,0,29.69911764705882,0,0,A/5 2466,-0.48606442844527137,,S,1,young_adult,very_low
1,1,0,0.92,1,2,113781,2.401641331670881,C22 C26,S,4,child,very_low
1,1,1,29.69911764705882,0,0,17421,1.583289667316069,,C,1,young_adult,very_low
1,1,1,17.0,1,0,PC 17758,1.5433789576712023,C65,C,2,child,very_low
0,2,0,30.0,1,0,P/PP 3381,-0.16509643629298823,,C,2,adult,very_low
1,1,1,30.0,0,0,PC 17485,0.4975505359440627,E36,C,1,adult,very_low
1,1,1,24.0,0,0,11767,1.0253688157535579,C54,C,1,young_adult,very_low
1,1,1,18.0,2,2,PC 17608,4.631815484039331,B57 B59 B63 B66,C,5,young_adult,very_low
0,2,1,26.0,1,1,250651,-0.12484966611715337,,S,3,young_adult,very_low
0,3,0,28.0,0,0,349243,-0.4891674544258282,,S,1,young_adult,very_low
0,2,0,43.0,1,1,F.C.C. 13529,-0.11981881984517401,,S,3,adult,very_low
1,3,1,26.0,0,0,347470,-0.4900045872454856,,S,1,young_adult,very_low
1,2,1,24.0,1,0,244367,-0.12484966611715337,,S,2,young_adult,very_low
0,2,0,54.0,0,0,29011,-0.3663302871721626,,S,1,senior,very_low
1,1,1,31.0,0,2,36928,2.669618413871151,C7,S,3,adult,very_low
1,1,1,40.0,1,1,16966,2.0585376159218884,E34,C,3,adult,very_low
0,3,0,22.0,0,0,A/5 21172,-0.5021631365156053,,S,1,young_adult,very_low
0,3,0,27.0,0,0,349219,-0.4891674544258282,,S,1,young_adult,very_low
1,2,1,30.0,0,0,234818,-0.39953387256722633,,Q,1,adult,very_low
1,2,1,22.0,1,1,248738,-0.06447951085340105,,S,3,young_adult,very_low
0,3,0,29.69911764705882,8,2,CA. 2343,0.751523754461651,,S,11,young_adult,very_low
1,1,1,36.0,0,0,PC 17760,2.081343448242025,C32,C,1,adult,very_low
0,3,0,61.0,0,0,345364,-0.5225380639171217,,S,1,senior,very_low
1,2,1,36.0,0,0,28551,-0.38645367226008004,D,S,1,adult,very_low
1,3,1,31.0,1,1,363291,-0.23502519947350137,,S,3,adult,very_low
1,1,1,16.0,0,1,111361,0.518680090286376,B18,C,2,child,very_low
1,3,1,29.69911764705882,2,0,367226,-0.1801889751089263,,Q,3,young_adult,very_low
0,1,0,45.5,0,0,113043,-0.07454120339735977,C124,S,1,adult,very_low
0,1,0,38.0,0,1,PC 17582,2.440127305651523,C91,S,2,adult,very_low
0,3,0,16.0,2,0,345764,-0.28583674682049287,,S,3,child,very_low
1,1,1,29.69911764705882,1,0,PC 17611,2.041432738597159,,S,2,young_adult,very_low
0,3,0,29.69911764705882,0,0,349225,-0.4891674544258282,,S,1,young_adult,very_low
0,1,0,29.0,1,0,113776,0.6921597684522944,C2,S,2,young_adult,very_low
1,1,1,41.0,0,0,16966,2.0585376159218884,E40,C,1,adult,very_low
1,3,0,45.0,0,0,7598,-0.48606442844527137,,S,1,adult,very_low
0,1,0,45.0,0,0,113784,0.06632249221806229,T,S,1,adult,very_low
1,2,0,2.0,1,1,230080,-0.12484966611715337,F2,S,3,child,very_low
1,1,1,24.0,3,2,19950,4.644392599719279,C23 C25 C27,S,6,young_adult,very_low
0,2,0,28.0,0,0,248740,-0.38645367226008004,,S,1,young_adult,very_low
0,2,0,25.0,0,0,244361,-0.38645367226008004,,S,1,young_adult,very_low
0,2,0,36.0,0,0,229236,-0.38645367226008004,,S,1,adult,very_low
1,2,1,24.0,0,0,248733,-0.38645367226008004,F33,S,1,young_adult,very_low
1,2,1,40.0,0,0,31418,-0.38645367226008004,,S,1,adult,very_low
1,3,1,29.69911764705882,1,0,386525,-0.32407117848753597,,S,2,young_adult,very_low
1,3,0,3.0,1,1,C.A. 37671,-0.3280958555051195,,S,3,child,very_low
0,3,0,42.0,0,0,315088,-0.4737388550789219,,S,1,adult,very_low
0,3,0,23.0,0,0,7267,-0.46241945096696835,,S,1,young_adult,very_low
0,1,0,29.69911764705882,0,0,113510,0.05626079967410357,C128,S,1,young_adult,very_low
0,3,0,15.0,1,1,2695,-0.502581702925434,,C,3,child,very_low
0,3,0,25.0,1,0,349237,-0.28986142383807634,,S,2,young_adult,very_low
0,3,0,29.69911764705882,0,0,2647,-0.5026662211428032,,C,1,young_adult,very_low
0,3,0,28.0,0,0,345783,-0.4568855200677911,,S,1,young_adult,very_low
1,1,1,22.0,0,1,113505,0.4587285014324523,E33,S,2,young_adult,very_low
0,2,1,38.0,0,0,237671,-0.38645367226008004,,S,1,adult,very_low
1,3,1,29.69911764705882,0,0,330931,-0.4895015026182876,,Q,1,young_adult,very_low
1,3,1,29.69911764705882,0,0,330980,-0.4895015026182876,,Q,1,young_adult,very_low
0,3,0,40.0,1,4,347088,-0.08661523445011025,,S,6,adult,very_low
0,2,0,29.0,1,0,SC/PARIS 2167,-0.09022134505786503,,C,2,young_adult,very_low
0,3,1,45.0,0,1,2691,-0.3571902456652305,,C,2,adult,very_low
0,3,0,35.0,0,0,SOTON/O.Q. 3101310,-0.5061878135331888,,S,1,adult,very_low
0,3,0,29.69911764705882,1,0,370365,-0.3361452095402864,,Q,2,young_adult,very_low
0,3,0,30.0,0,0,C 7076,-0.5021631365156053,,S,1,adult,very_low
1,1,1,60.0,1,0,110813,0.8662270494627804,D37,C,2,senior,very_low
1,3,1,29.69911764705882,0,0,2626,-0.502581702925434,,C,1,young_adult,very_low
1,3,1,29.69911764705882,0,0,14313,-0.49210144397164657,,Q,1,young_adult,very_low
1,1,1,24.0,0,0,PC 17477,0.7464929081896716,B35,C,1,young_adult,very_low
1,1,0,25.0,1,0,11765,0.4676170006257854,E50,C,2,young_adult,very_low
0,3,0,18.0,1,0,3101267,-0.5173401935489127,,S,2,young_adult,very_low
0,3,0,19.0,0,0,323951,-0.48606442844527137,,S,1,young_adult,very_low
0,1,0,22.0,0,0,PC 17760,2.081343448242025,,C,1,young_adult,very_low
0,3,1,3.0,3,1,349909,-0.22395733767514675,,S,5,child,very_low
1,1,1,29.69911764705882,1,0,PC 17604,1.0054969729792393,,C,2,young_adult,very_low
1,3,1,22.0,0,0,C 7077,-0.5021631365156053,,S,1,young_adult,very_low
0,1,0,27.0,0,2,113503,3.6080382676915317,C82,C,3,young_adult,very_low
0,3,0,20.0,0,0,2648,-0.5673125957377381,,C,1,young_adult,very_low
0,3,0,19.0,0,0,347069,-0.4915983593444487,,S,1,young_adult,very_low
1,1,1,42.0,0,0,PC 17757,3.930515513725408,,C,1,adult,very_low
1,3,1,1.0,0,2,2653,-0.3312813873645368,,C,3,child,very_low
0,3,0,32.0,0,0,STON/O 2. 3101293,-0.48857985158126105,,S,1,adult,very_low
1,1,1,35.0,1,0,113789,0.39835834616870003,,S,2,adult,very_low
0,3,0,29.69911764705882,0,0,349227,-0.4891674544258282,,S,1,young_adult,very_low
0,2,0,18.0,0,0,S.O.C. 14879,0.8310111255589249,,S,1,young_adult,very_low
0,3,0,1.0,5,2,CA 2144,0.29572908222032107,,S,8,child,very_low
1,2,1,36.0,0,0,27849,-0.38645367226008004,,S,1,adult,very_low
0,3,0,29.69911764705882,0,0,367655,-0.4925200103814753,,Q,1,young_adult,very_low
1,2,1,17.0,0,0,SC 1748,-0.4065770573479975,,C,1,child,very_low
1,1,0,36.0,1,2,113760,1.7667485321470857,B96 B98,S,4,adult,very_low
1,3,0,21.0,0,0,350034,-0.49117979293462,,S,1,young_adult,very_low
0,3,0,28.0,2,0,3101277,-0.48857985158126105,,S,3,young_adult,very_low
1,1,1,23.0,1,0,35273,1.6314187674308411,D36,C,2,young_adult,very_low
1,3,1,24.0,0,2,PP 9549,-0.3119971474347855,G6,S,3,young_adult,very_low
0,3,0,22.0,0,0,350052,-0.49117979293462,,S,1,young_adult,very_low
0,3,1,31.0,0,0,350407,-0.4900045872454856,,S,1,adult,very_low
0,2,0,46.0,0,0,28403,-0.12484966611715337,,S,1,adult,very_low
0,2,0,23.0,0,0,244278,-0.43676213497987365,,S,1,young_adult,very_low
1,2,1,28.0,0,0,240929,-0.3934968570408512,,S,1,young_adult,very_low
1,3,0,39.0,0,0,STON/O 2. 3101289,-0.48857985158126105,,S,1,adult,very_low
0,3,0,26.0,0,0,341826,-0.48606442844527137,,S,1,young_adult,very_low
0,3,1,21.0,1,0,4137,-0.45034541991421795,,S,2,young_adult,very_low
0,3,0,28.0,1,0,STON/O2. 3101279,-0.32910202475951533,,S,2,young_adult,very_low
0,3,1,20.0,0,0,315096,-0.4737388550789219,,S,1,young_adult,very_low
0,2,0,34.0,1,0,28664,-0.22546659155674054,,S,2,adult,very_low
0,3,0,51.0,0,0,347064,-0.49210144397164657,,S,1,senior,very_low
1,2,0,3.0,1,1,29106,-0.2707442080045548,,S,3,child,very_low
0,3,0,21.0,0,0,312992,-0.4915983593444487,,S,1,young_adult,very_low
0,3,1,29.69911764705882,3,1,4133,-0.13558146738453974,,S,5,young_adult,very_low
0,3,0,29.69911764705882,0,0,349222,-0.4891674544258282,,S,1,young_adult,very_low
0,3,0,29.69911764705882,0,0,394140,-0.5100454664545425,,Q,1,young_adult,very_low
1,1,1,33.0,1,0,19928,1.1630469795095626,C78,Q,2,adult,very_low
0,2,0,29.69911764705882,0,0,239853,-0.6480576784030068,,S,1,young_adult,very_low
1,3,0,44.0,0,0,STON/O 2. 3101269,-0.48857985158126105,,S,1,adult,very_low
0,3,1,29.69911764705882,0,0,343095,-0.48606442844527137,,S,1,young_adult,very_low
1,2,1,34.0,1,1,28220,0.005952336954309979,,S,3,adult,very_low
1,2,1,18.0,0,2,250652,-0.38645367226008004,,S,3,young_adult,very_low
0,2,0,30.0,0,0,28228,-0.38645367226008004,,S,1,adult,very_low
0,3,1,10.0,0,2,345773,-0.16207792852980066,,S,3,child,very_low
0,3,0,29.69911764705882,0,0,349254,-0.4891674544258282,,C,1,young_adult,very_low
0,3,0,21.0,0,0,A/5. 13032,-0.4924375045026148,,Q,1,young_adult,very_low
0,3,0,29.0,0,0,315082,-0.4895860208356569,,S,1,young_adult,very_low
0,3,1,28.0,1,1,347080,-0.35828093313699566,,S,3,young_adult,very_low
0,3,0,18.0,1,1,370129,-0.24131375731347557,,S,3,young_adult,very_low
0,3,0,29.69911764705882,0,0,A/4. 34244,-0.5021631365156053,,S,1,young_adult,very_low
1,2,1,28.0,1,0,2003,-0.12484966611715337,,S,2,young_adult,very_low
1,2,1,19.0,0,0,250655,-0.12484966611715337,,S,1,young_adult,very_low
0,3,0,29.69911764705882,0,0,364851,-0.49210144397164657,,Q,1,young_adult,very_low
1,3,0,32.0,0,0,SOTON/O.Q. 392078,-0.48606442844527137,E10,S,1,adult,very_low
1,1,0,28.0,0,0,110564,-0.11378180431879875,C52,S,1,young_adult,very_low
1,3,1,29.69911764705882,1,0,376564,-0.32407117848753597,,S,2,young_adult,very_low
1,2,1,42.0,1,0,SC/AH 3085,-0.12484966611715337,,S,2,adult,very_low
0,3,0,17.0,0,0,STON/O 2. 3101274,-0.504678559651595,,S,1,child,very_low
0,1,0,50.0,1,0,13507,0.47683954801157796,E44,S,2,senior,very_low
1,1,1,14.0,1,2,113760,1.7667485321470857,B96 B98,S,4,child,very_low
0,3,1,21.0,2,2,W./C. 6608,0.043683683994155176,,S,5,young_adult,very_low
1,2,1,24.0,2,3,29106,-0.2707442080045548,,S,6,young_adult,very_low
0,1,0,64.0,1,4,19950,4.644392599719279,C23 C25 C27,S,6,senior,very_low
0,2,0,31.0,0,0,C.A. 18723,-0.43676213497987365,,S,1,adult,very_low
1,2,1,45.0,1,1,F.C.C. 13529,-0.11981881984517401,,S,3,adult,very_low
0,3,0,20.0,0,0,345769,-0.4568855200677911,,S,1,young_adult,very_low
0,3,0,25.0,1,0,347076,-0.4915983593444487,,S,2,young_adult,very_low
1,2,1,28.0,0,0,230434,-0.38645367226008004,,S,1,young_adult,very_low
1,3,0,29.69911764705882,0,0,65306,-0.4848067168772765,,S,1,young_adult,very_low
1,1,0,4.0,0,2,33638,0.9992084151392652,A34,S,3,child,very_low
1,2,1,13.0,0,1,250644,-0.2556516691886167,,S,2,child,very_low
1,1,0,34.0,0,0,113794,-0.11378180431879875,,S,1,adult,very_low
1,3,1,5.0,2,1,2666,-0.26051549136436636,,C,4,child,very_low
1,1,0,52.0,0,0,113786,-0.034294433221524895,C104,S,1,senior,very_low
0,2,0,36.0,1,2,C.A. 34651,-0.08963374221329785,,S,4,adult,very_low
0,3,0,29.69911764705882,1,0,65303,-0.24626008536808563,,S,2,young_adult,very_low
0,1,0,30.0,0,0,113051,-0.08963374221329785,C111,C,1,adult,very_low
1,1,0,49.0,1,0,17453,1.1450204511478064,C92,C,2,adult,very_low
0,3,0,29.69911764705882,0,0,A/5 2817,-0.48606442844527137,,S,1,young_adult,very_low
1,3,0,29.0,0,0,349240,-0.4891674544258282,,C,1,young_adult,very_low
0,1,0,65.0,0,0,13509,-0.11378180431879875,E38,S,1,senior,very_low
1,1,1,29.69911764705882,1,0,17464,0.3955913807191113,D21,S,2,young_adult,very_low
1,2,1,50.0,0,0,F.C.C. 13531,-0.43676213497987365,,S,1,senior,very_low
0,3,0,29.69911764705882,0,0,371060,-0.49210144397164657,,Q,1,young_adult,very_low
1,1,0,48.0,0,0,19952,-0.11378180431879875,E12,S,1,adult,very_low
0,3,0,34.0,0,0,364506,-0.48606442844527137,,S,1,adult,very_low
0,1,0,47.0,0,0,111320,0.1266926474818146,E63,S,1,adult,very_low
0,2,0,48.0,0,0,234360,-0.38645367226008004,,S,1,adult,very_low
0,3,0,29.69911764705882,0,0,A/S 2816,-0.48606442844527137,,S,1,young_adult,very_low
0,3,0,38.0,0,0,SOTON/O.Q. 3101306,-0.5061878135331888,,S,1,adult,very_low
0,2,0,29.69911764705882,0,0,239853,-0.6480576784030068,,S,1,young_adult,very_low
0,1,0,56.0,0,0,113792,-0.11378180431879875,,S,1,senior,very_low
0,3,0,29.69911764705882,0,0,36209,-0.4926045285988445,,Q,1,young_adult,very_low
1,3,1,0.75,2,1,2666,-0.26051549136436636,,C,4,child,very_low
0,3,0,29.69911764705882,0,0,323592,-0.5021631365156053,,S,1,young_adult,very_low
0,3,0,38.0,0,0,315089,-0.4737388550789219,,S,1,adult,very_low
1,2,1,33.0,1,2,C.A. 34651,-0.08963374221329785,,S,4,adult,very_low
1,2,1,23.0,0,0,SC/AH Basle 541,-0.3705219882859758,D,C,1,young_adult,very_low
0,3,1,22.0,0,0,7553,-0.450093877600619,,S,1,young_adult,very_low
0,1,0,29.69911764705882,0,0,110465,0.39835834616870003,A14,S,1,young_adult,very_low
0,2,0,34.0,1,0,31027,-0.22546659155674054,,S,2,adult,very_low
0,3,0,29.0,1,0,3460,-0.5062723317505581,,S,2,young_adult,very_low
0,3,0,22.0,0,0,350060,-0.49671372383379725,,S,1,young_adult,very_low
1,3,1,2.0,0,1,3101298,-0.4007915841352212,,S,2,child,very_low
0,3,0,9.0,5,2,CA 2144,0.29572908222032107,,S,8,child,very_low
0,2,0,29.69911764705882,0,0,239854,-0.6480576784030068,,S,1,young_adult,very_low
0,3,0,50.0,0,0,A/5 3594,-0.48606442844527137,,S,1,senior,very_low
1,3,1,63.0,0,0,4134,-0.45512472387259834,,S,1,senior,very_low
1,1,0,25.0,1,0,11967,1.1847641366964432,B49,C,2,young_adult,very_low
0,3,1,29.69911764705882,3,1,4133,-0.13558146738453974,,S,5,young_adult,very_low
1,1,1,35.0,1,0,19943,1.1630469795095626,C93,S,2,adult,very_low
0,1,0,58.0,0,0,11771,-0.05039314129185886,B37,C,1,senior,very_low
0,3,0,30.0,0,0,A.5. 18509,-0.48606442844527137,,S,1,adult,very_low
1,3,0,9.0,1,1,C.A. 37671,-0.3280958555051195,,S,3,child,very_low
0,3,0,29.69911764705882,1,0,65304,-0.24626008536808563,,S,2,young_adult,very_low
0,3,0,21.0,0,0,SOTON/OQ 3101317,-0.5021631365156053,,S,1,young_adult,very_low
0,1,0,55.0,0,0,113787,-0.034294433221524895,C30,S,1,senior,very_low
0,1,0,71.0,0,0,PC 17609,0.34813440166627563,,C,1,senior,very_low
0,3,0,21.0,0,0,A/4 45380,-0.48606442844527137,,S,1,young_adult,very_low
0,3,0,29.69911764705882,0,0,2627,-0.35710773978637,,C,1,young_adult,very_low
1,1,1,54.0,1,0,36947,0.926933265257501,D20,C,2,senior,very_low
0,3,0,29.69911764705882,0,0,C.A. 6212,-0.3441945635754534,,S,1,young_adult,very_low
0,1,1,25.0,1,2,113781,2.401641331670881,C22 C26,S,4,young_adult,very_low
0,3,0,24.0,0,0,350035,-0.49117979293462,,S,1,young_adult,very_low
0,3,0,17.0,0,0,315086,-0.4737388550789219,,S,1,child,very_low
0,3,1,21.0,0,0,364846,-0.49210144397164657,,Q,1,young_adult,very_low
0,3,1,29.69911764705882,0,0,330909,-0.494532348890267,,Q,1,young_adult,very_low
0,3,1,37.0,0,0,4135,-0.45512472387259834,,S,1,adult,very_low
1,1,1,16.0,0,0,110152,1.0926151317018515,B79,S,1,child,very_low
0,1,0,18.0,1,0,PC 17758,1.5433789576712023,C65,C,2,young_adult,very_low
1,2,1,33.0,0,2,26360,-0.12484966611715337,,S,3,adult,very_low
1,1,0,29.69911764705882,0,0,111427,-0.11378180431879875,,S,1,young_adult,very_low
0,3,0,28.0,0,0,C 4001,-0.19477842929766648,,S,1,young_adult,very_low
1,3,0,26.0,0,0,1601,0.48882906084695926,,S,1,young_adult,very_low
1,3,0,29.0,0,0,382651,-0.49210144397164657,,Q,1,young_adult,very_low
0,3,0,29.69911764705882,0,0,SOTON/OQ 3101316,-0.48606442844527137,,S,1,young_adult,very_low
1,1,0,36.0,0,0,PC 17473,-0.11906419290437707,E25,S,1,adult,very_low
1,1,1,54.0,1,0,PC 17603,0.547271395819289,,C,2,senior,very_low
0,3,0,24.0,0,0,349209,-0.4972168084609952,,S,1,young_adult,very_low
0,1,0,47.0,0,0,36967,0.03655598099601484,D46,S,1,adult,very_low
1,2,1,34.0,0,0,C.A. 34260,-0.43676213497987365,F33,S,1,adult,very_low
0,3,0,29.69911764705882,0,0,371110,-0.16207792852980066,,Q,1,young_adult,very_low
1,2,1,36.0,1,0,226875,-0.12484966611715337,,S,2,adult,very_low
0,3,0,32.0,0,0,349242,-0.4891674544258282,,S,1,adult,very_low
1,1,1,30.0,0,0,12749,1.2334788273172737,B73,S,1,adult,very_low
0,3,0,22.0,0,0,349252,-0.4891674544258282,,S,1,young_adult,very_low
0,3,0,29.69911764705882,0,0,2624,-0.5026662211428032,,C,1,young_adult,very_low
1,1,1,44.0,0,1,111361,0.518680090286376,B18,C,2,adult,very_low
0,3,0,29.69911764705882,0,0,2700,-0.502581702925434,,C,1,young_adult,very_low
0,3,0,40.5,0,0,367232,-0.49210144397164657,,Q,1,adult,very_low
1,2,1,50.0,0,0,W./C. 14258,-0.43676213497987365,,S,1,senior,very_low
0,1,0,29.69911764705882,0,0,PC 17483,3.8148905676872524,C95,S,1,young_adult,very_low
0,3,0,39.0,0,0,3101296,-0.48857985158126105,,S,1,adult,very_low
0,2,0,23.0,2,1,29104,-0.4166387498919562,,S,4,young_adult,very_low
1,2,1,2.0,1,1,26360,-0.12484966611715337,,S,3,child,very_low
0,3,0,29.69911764705882,0,0,2641,-0.502581702925434,,C,1,young_adult,very_low
0,3,0,17.0,1,1,2690,-0.502581702925434,,C,3,child,very_low
1,3,1,29.69911764705882,0,2,2668,-0.1981329975918223,,C,3,young_adult,very_low
0,3,1,30.0,0,0,315084,-0.4737388550789219,,S,1,adult,very_low
1,2,1,7.0,0,2,F.C.C. 13529,-0.11981881984517401,,S,3,child,very_low
0,1,0,45.0,0,0,113050,-0.11378180431879875,B38,S,1,adult,very_low
1,1,1,30.0,0,0,PC 17761,1.4935735795786065,,C,1,adult,very_low
0,3,0,29.69911764705882,0,0,364498,-0.35626859462820387,,S,1,young_adult,very_low
1,1,1,22.0,0,2,13568,0.3480498834489064,B39,C,3,young_adult,very_low
1,1,1,36.0,0,2,WE/P 5735,0.7807026628391313,B22,S,3,adult,very_low
0,3,1,9.0,4,2,347082,-0.01869880977838891,,S,7,child,very_low
0,3,1,11.0,4,2,347082,-0.01869880977838891,,S,7,child,very_low
1,2,0,32.0,1,0,2908,-0.12484966611715337,,S,2,adult,very_low
0,1,0,50.0,1,0,PC 17761,1.4935735795786065,C86,C,2,senior,very_low
0,1,0,64.0,0,0,693,-0.12484966611715337,,S,1,senior,very_low
1,2,1,19.0,1,0,2908,-0.12484966611715337,,S,2,young_adult,very_low
1,2,0,29.69911764705882,0,0,SC/PARIS 2146,-0.36909725262175125,,C,1,young_adult,very_low
0,3,0,33.0,1,1,363291,-0.23502519947350137,,S,3,adult,very_low
1,2,0,8.0,1,1,C.A. 33112,0.0914767235779591,,S,3,child,very_low
1,1,0,17.0,0,2,17421,1.583289667316069,C70,C,3,child,very_low
0,2,0,27.0,0,0,244358,-0.12484966611715337,,S,1,young_adult,very_low
0,3,0,29.69911764705882,0,0,330979,-0.4905076718726835,,Q,1,young_adult,very_low
1,3,0,22.0,0,0,2620,-0.5026662211428032,,C,1,young_adult,very_low
1,3,1,22.0,0,0,347085,-0.4915983593444487,,S,1,young_adult,very_low
0,1,0,62.0,0,0,113807,-0.11378180431879875,,S,1,senior,very_low
1,1,1,48.0,1,0,11755,0.1488283710785238,A16,C,2,adult,very_low
0,1,0,29.69911764705882,0,0,PC 17757,3.930515513725408,,C,1,young_adult,very_low
1,1,1,39.0,1,1,110413,0.9547699438496172,E67,S,3,adult,very_low
1,3,1,36.0,1,0,345572,-0.2979107778732433,,S,2,adult,very_low
0,3,0,29.69911764705882,0,0,372622,-0.49210144397164657,,Q,1,young_adult,very_low
0,3,0,40.0,0,0,349251,-0.4891674544258282,,S,1,adult,very_low
0,2,0,28.0,0,0,218629,-0.3763919797161213,,S,1,young_adult,very_low
0,3,0,29.69911764705882,0,0,SOTON/OQ 392082,-0.48606442844527137,,S,1,young_adult,very_low
0,3,1,29.69911764705882,0,0,SOTON/O.Q. 392087,-0.48606442844527137,,S,1,young_adult,very_low
0,3,0,24.0,2,0,A/4 48871,-0.16207792852980066,,S,3,young_adult,very_low
0,3,0,19.0,0,0,349205,-0.4891674544258282,,S,1,young_adult,very_low
0,3,1,29.0,0,4,349909,-0.22395733767514675,,S,5,young_adult,very_low
0,3,0,29.69911764705882,0,0,2686,-0.502581702925434,,C,1,young_adult,very_low
1,3,0,32.0,0,0,350417,-0.4900045872454856,,S,1,adult,very_low
1,2,0,62.0,0,0,S.W./PP 752,-0.43676213497987365,,S,1,senior,very_low
1,1,1,53.0,2,0,11769,0.38787808721491257,C101,S,3,senior,very_low
1,1,0,36.0,0,0,PC 17474,-0.11705185439558537,E25,S,1,adult,very_low
1,3,1,29.69911764705882,0,0,14312,-0.49210144397164657,,Q,1,young_adult,very_low
0,3,0,16.0,0,0,A/4. 20589,-0.48606442844527137,,S,1,child,very_low
0,3,0,19.0,0,0,358585,-0.35626859462820387,,S,1,young_adult,very_low
1,2,1,34.0,0,0,243880,-0.38645367226008004,,S,1,adult,very_low
1,1,1,39.0,1,0,13507,0.47683954801157796,E44,S,2,adult,very_low
0,3,1,29.69911764705882,1,0,2689,-0.35710773978637,,C,2,young_adult,very_low
1,3,0,32.0,0,0,STON/O 2. 3101286,-0.48857985158126105,,S,1,adult,very_low
1,2,1,25.0,1,1,237789,-0.04435612576548362,,S,3,young_adult,very_low
1,1,1,39.0,1,1,17421,1.583289667316069,C68,C,3,adult,very_low
0,2,0,54.0,0,0,28403,-0.12484966611715337,,S,1,senior,very_low
0,1,0,36.0,0,0,13049,0.15939314824968043,A10,C,1,adult,very_low
0,3,0,29.69911764705882,0,0,3411,-0.4727326858245261,,C,1,young_adult,very_low
1,1,1,18.0,0,2,110413,0.9547699438496172,E68,S,3,young_adult,very_low
0,2,0,47.0,0,0,237565,-0.34620690208424515,,S,1,adult,very_low
1,1,0,60.0,1,1,13567,0.9457144205600544,B41,C,3,senior,very_low
0,3,0,22.0,0,0,14973,-0.48606442844527137,,S,1,young_adult,very_low
0,3,0,29.69911764705882,0,0,A./5. 3235,-0.48606442844527137,,S,1,young_adult,very_low
0,3,0,35.0,0,0,STON/O 2. 3101273,-0.504678559651595,,S,1,adult,very_low
1,1,1,52.0,1,0,36947,0.926933265257501,D20,C,2,senior,very_low
0,3,0,47.0,0,0,A/5 3902,-0.5021631365156053,,S,1,adult,very_low
0,3,1,29.69911764705882,0,2,364848,-0.49210144397164657,,Q,3,young_adult,very_low
0,2,0,37.0,1,0,SC/AH 29037,-0.12484966611715337,,S,2,adult,very_low
0,3,0,36.0,1,1,345773,-0.16207792852980066,,S,3,adult,very_low
1,2,1,29.69911764705882,0,0,248727,0.016014029498268696,,S,1,young_adult,very_low
0,3,0,49.0,0,0,LINE,-0.6480576784030068,,S,1,adult,very_low
0,3,0,29.69911764705882,0,0,2664,-0.5026662211428032,,C,1,young_adult,very_low
1,1,0,49.0,1,0,PC 17485,0.4975505359440627,A20,C,2,adult,very_low
1,2,1,24.0,2,1,243847,-0.10472628102923592,,S,4,young_adult,very_low
0,3,0,29.69911764705882,0,0,349214,-0.4891674544258282,,S,1,young_adult,very_low
0,1,0,29.69911764705882,0,0,113796,0.20517384932469257,,S,1,young_adult,very_low
0,3,0,44.0,0,0,364511,-0.48606442844527137,,S,1,adult,very_low
1,1,0,35.0,0,0,111426,-0.11378180431879875,,C,1,adult,very_low
0,3,0,36.0,1,0,349910,-0.3351390402858906,,S,2,adult,very_low
0,3,0,30.0,0,0,349246,-0.4891674544258282,,S,1,adult,very_low
1,1,0,27.0,0,0,113804,-0.034294433221524895,,S,1,young_adult,very_low
1,2,1,22.0,1,2,SC/Paris 2123,0.18865657484452997,,C,4,young_adult,very_low
1,1,1,40.0,0,0,PC 17582,2.440127305651523,C125,S,1,adult,very_low
0,3,1,39.0,1,5,347082,-0.01869880977838891,,S,7,adult,very_low
0,3,0,29.69911764705882,0,0,SOTON/O.Q. 3101305,-0.5061878135331888,,S,1,young_adult,very_low
1,3,1,29.69911764705882,1,0,367230,-0.3361452095402864,,Q,2,young_adult,very_low
0,3,0,29.69911764705882,0,0,370377,-0.49210144397164657,,Q,1,young_adult,very_low
0,3,0,35.0,0,0,364512,-0.48606442844527137,,S,1,adult,very_low
1,2,1,24.0,1,2,220845,0.6599623523116267,,S,4,young_adult,very_low
0,3,0,34.0,1,1,347080,-0.35828093313699566,,S,3,adult,very_low
0,3,1,26.0,1,0,A/5. 3336,-0.32407117848753597,,S,2,young_adult,very_low
1,2,1,4.0,2,1,230136,0.13675434002577333,F4,S,4,child,very_low
0,2,0,26.0,0,0,31028,-0.43676213497987365,,S,1,young_adult,very_low
0,3,0,27.0,1,0,2659,-0.3571902456652305,,C,2,young_adult,very_low
1,1,0,42.0,1,0,11753,0.40951072618442386,D19,S,2,adult,very_low
1,3,0,20.0,1,1,2653,-0.3312813873645368,,C,3,young_adult,very_low
0,3,0,21.0,0,0,350029,-0.4900045872454856,,S,1,young_adult,very_low
0,3,0,21.0,0,0,54636,-0.32407117848753597,,S,1,young_adult,very_low
0,1,0,61.0,0,0,36963,0.002346226346555142,D50,S,1,senior,very_low
0,2,0,57.0,0,0,219533,-0.39953387256722633,,Q,1,senior,very_low
1,1,1,21.0,0,0,13502,0.9207272132963871,D9,S,1,young_adult,very_low
0,3,0,26.0,0,0,349224,-0.4891674544258282,,S,1,young_adult,very_low
0,3,0,29.69911764705882,0,0,334912,-0.4924375045026148,,Q,1,young_adult,very_low
1,1,0,80.0,0,0,27042,-0.04435612576548362,A23,S,1,,very_low
0,3,0,51.0,0,0,347743,-0.5061032953158195,,S,1,senior,very_low
1,1,0,32.0,0,0,13214,-0.034294433221524895,B50,C,1,adult,very_low
0,1,0,29.69911764705882,0,0,112052,-0.6480576784030068,,S,1,young_adult,very_low
0,3,1,9.0,3,2,347088,-0.08661523445011025,,S,6,child,very_low
1,2,1,28.0,0,0,237668,-0.38645367226008004,,S,1,young_adult,very_low
0,3,0,32.0,0,0,STON/O 2. 3101292,-0.48857985158126105,,S,1,adult,very_low
0,2,0,31.0,1,1,C.A. 31921,-0.11981881984517401,,S,3,adult,very_low
0,3,1,41.0,0,5,3101295,0.15058916727371655,,S,6,adult,very_low
0,3,0,29.69911764705882,1,0,376564,-0.32407117848753597,,S,2,young_adult,very_low
0,3,0,20.0,0,0,350050,-0.4900045872454856,,S,1,young_adult,very_low
1,1,1,24.0,0,0,PC 17477,0.7464929081896716,B35,C,1,young_adult,very_low
0,3,1,2.0,3,2,347088,-0.08661523445011025,,S,6,child,very_low
1,3,0,29.69911764705882,0,0,1601,0.48882906084695926,,S,1,young_adult,very_low
1,3,1,0.75,2,1,2666,-0.26051549136436636,,C,4,child,very_low
1,1,0,48.0,1,0,PC 17572,0.895993560684828,D33,C,2,adult,very_low
0,3,0,19.0,0,0,349231,-0.4891674544258282,,S,1,young_adult,very_low
1,1,0,56.0,0,0,13213,0.06632249221806229,A26,C,1,senior,very_low
0,3,0,29.69911764705882,0,0,S.O./P.P. 751,-0.4961261209892301,,S,1,young_adult,very_low
1,3,1,23.0,0,0,CA. 2314,-0.4961261209892301,,S,1,young_adult,very_low
0,3,0,29.69911764705882,0,0,349221,-0.4891674544258282,,S,1,young_adult,very_low
1,2,1,18.0,0,1,231919,-0.18521982138090567,,S,2,young_adult,very_low
0,3,0,21.0,0,0,8475,-0.4783511349410726,,S,1,young_adult,very_low
1,3,1,29.69911764705882,0,0,330919,-0.4905076718726835,,Q,1,young_adult,very_low
0,3,1,18.0,0,0,365226,-0.512224829059564,,Q,1,young_adult,very_low
0,2,0,24.0,2,0,S.O.C. 14879,0.8310111255589249,,S,3,young_adult,very_low
0,3,0,29.69911764705882,0,0,349223,-0.4891674544258282,,S,1,young_adult,very_low
0,3,1,32.0,1,1,364849,-0.3361452095402864,,Q,3,adult,very_low
0,2,0,23.0,0,0,29751,-0.38645367226008004,,S,1,young_adult,very_low
0,1,0,58.0,0,2,35273,1.6314187674308411,D48,C,3,senior,very_low
1,1,0,50.0,2,0,PC 17611,2.041432738597159,,S,3,senior,very_low
0,3,0,40.0,0,0,2623,-0.5026662211428032,,C,1,adult,very_low
0,1,0,47.0,0,0,5727,-0.13315056246591933,E58,S,1,adult,very_low
0,3,0,36.0,0,0,349210,-0.4972168084609952,,S,1,adult,very_low
1,3,0,20.0,1,0,STON/O 2. 3101285,-0.48857985158126105,,S,2,young_adult,very_low
0,2,0,32.0,2,0,S.O.C. 14879,0.8310111255589249,,S,3,adult,very_low
0,2,0,25.0,0,0,234686,-0.38645367226008004,,S,1,young_adult,very_low
0,3,0,29.69911764705882,0,0,312993,-0.4915983593444487,,S,1,young_adult,very_low
0,3,0,43.0,0,0,A/5 3536,-0.48606442844527137,,S,1,adult,very_low
1,1,1,29.69911764705882,1,0,19996,0.39835834616870003,C126,S,2,young_adult,very_low
1,2,1,40.0,1,1,29750,0.13675434002577333,,S,3,adult,very_low
0,1,0,31.0,1,0,F.C. 12750,0.39835834616870003,B71,S,2,adult,very_low
0,2,0,70.0,0,0,C.A. 24580,-0.43676213497987365,,S,1,senior,very_low
1,2,0,31.0,0,0,244270,-0.38645367226008004,,S,1,adult,very_low
0,2,0,29.69911764705882,0,0,239856,-0.6480576784030068,,S,1,young_adult,very_low
0,3,0,18.0,0,0,349912,-0.4915983593444487,,S,1,young_adult,very_low
0,3,0,24.5,0,0,342826,-0.48606442844527137,,S,1,young_adult,very_low
1,3,1,18.0,0,0,4138,-0.4500093593832497,,S,1,young_adult,very_low
0,3,1,43.0,1,6,CA 2144,0.29572908222032107,,S,8,adult,very_low
1,1,0,36.0,0,1,PC 17755,9.661740104981664,B51 B53 B55,C,2,adult,very_low
0,3,1,29.69911764705882,0,0,330935,-0.4843036322500786,,Q,1,young_adult,very_low
1,1,0,27.0,0,0,PC 17572,0.895993560684828,D49,C,1,young_adult,very_low
0,3,0,20.0,0,0,6563,-0.46241945096696835,,S,1,young_adult,very_low
0,3,0,14.0,5,2,CA 2144,0.29572908222032107,,S,8,child,very_low
0,2,0,60.0,1,1,29750,0.13675434002577333,,S,3,senior,very_low
0,2,0,25.0,1,2,SC/Paris 2123,0.18865657484452997,,C,4,young_adult,very_low
0,3,0,14.0,4,1,3101295,0.15058916727371655,,S,6,child,very_low
0,3,0,19.0,0,0,349228,-0.44338675335081607,,S,1,young_adult,very_low
0,3,0,18.0,0,0,350036,-0.49117979293462,,S,1,young_adult,very_low
1,1,1,15.0,0,1,24160,3.6047682176147444,B5,S,2,child,very_low
1,1,0,31.0,1,0,17474,0.4989752716082872,B20,S,2,adult,very_low
1,3,1,4.0,0,1,349256,-0.37806825769394486,,C,2,child,very_low
1,3,0,29.69911764705882,0,0,1601,0.48882906084695926,,S,1,young_adult,very_low
0,3,0,25.0,0,0,2672,-0.5026662211428032,,C,1,young_adult,very_low
0,1,0,60.0,0,0,113800,-0.11378180431879875,,S,1,senior,very_low
0,2,0,52.0,0,0,248731,-0.3763919797161213,,S,1,senior,very_low
0,3,0,44.0,0,0,363592,-0.48606442844527137,,S,1,adult,very_low
1,3,1,29.69911764705882,0,0,35852,-0.4924375045026148,,Q,1,young_adult,very_low
0,1,0,49.0,1,1,17421,1.583289667316069,C68,C,3,adult,very_low
0,3,0,42.0,0,0,348121,-0.49411378248043836,F G63,S,1,adult,very_low
1,1,1,18.0,1,0,PC 17757,3.930515513725408,C62 C64,C,2,young_adult,very_low
1,1,0,35.0,0,0,PC 17475,-0.11906419290437707,E24,S,1,adult,very_low
0,3,1,18.0,0,1,2691,-0.3571902456652305,,C,2,young_adult,very_low
0,3,0,25.0,0,0,36864,-0.4922684680678763,,Q,1,young_adult,very_low
0,3,0,26.0,1,0,350025,-0.4900045872454856,,S,2,young_adult,very_low
0,2,0,39.0,0,0,250655,-0.12484966611715337,,S,1,adult,very_low
1,2,1,45.0,0,0,223596,-0.3763919797161213,,S,1,adult,very_low
1,1,0,42.0,0,0,PC 17476,-0.11906419290437707,E24,S,1,adult,very_low
1,1,1,22.0,0,0,113781,2.401641331670881,,S,1,young_adult,very_low
1,3,0,29.69911764705882,1,1,2661,-0.34126057402963506,,C,3,young_adult,very_low
1,1,1,24.0,0,0,PC 17482,0.34813440166627563,C90,C,1,young_adult,very_low
0,1,0,29.69911764705882,0,0,113028,-0.11378180431879875,C124,S,1,young_adult,very_low
1,1,0,48.0,1,0,19996,0.39835834616870003,C126,S,2,adult,very_low
0,3,0,29.0,0,0,7545,-0.4572215805987593,,S,1,young_adult,very_low
0,2,0,52.0,0,0,250647,-0.38645367226008004,,S,1,senior,very_low
0,3,0,19.0,0,0,348124,-0.49411378248043836,F G73,S,1,young_adult,very_low
1,1,1,38.0,0,0,PC 17757,3.930515513725408,C45,C,1,adult,very_low
1,2,1,27.0,0,0,34218,-0.43676213497987365,E101,S,1,young_adult,very_low
0,3,0,29.69911764705882,0,0,36568,-0.3361452095402864,,Q,1,young_adult,very_low
0,3,0,33.0,0,0,347062,-0.4915983593444487,,S,1,adult,very_low
1,2,1,6.0,0,1,248727,0.016014029498268696,,S,2,child,very_low
0,3,0,17.0,1,0,350048,-0.5061032953158195,,S,2,child,very_low
0,2,0,34.0,0,0,12233,-0.38645367226008004,,S,1,adult,very_low
0,2,0,50.0,0,0,250643,-0.38645367226008004,,S,1,senior,very_low
1,1,0,27.0,1,0,113806,0.4204940697654092,E8,S,2,young_adult,very_low
0,3,0,20.0,0,0,315094,-0.4737388550789219,,S,1,young_adult,very_low
1,2,1,30.0,3,0,31027,-0.22546659155674054,,S,4,adult,very_low
1,3,1,29.69911764705882,0,0,36866,-0.49235298628524554,,Q,1,young_adult,very_low
0,2,0,25.0,1,0,236853,-0.12484966611715337,,S,2,young_adult,very_low
0,3,1,25.0,1,0,STON/O2. 3101271,-0.48857985158126105,,S,2,young_adult,very_low
1,1,1,29.0,0,0,24160,3.6047682176147444,B5,S,1,young_adult,very_low
0,3,0,11.0,0,0,2699,-0.26998958106375787,,C,1,child,very_low
0,2,0,29.69911764705882,0,0,239855,-0.6480576784030068,,S,1,young_adult,very_low
0,2,0,23.0,0,0,28425,-0.38645367226008004,,S,1,young_adult,very_low
0,2,0,23.0,0,0,233639,-0.38645367226008004,,S,1,young_adult,very_low
0,3,0,28.5,0,0,54636,-0.32407117848753597,,S,1,young_adult,very_low
0,3,1,48.0,1,3,W./C. 6608,0.043683683994155176,,S,5,adult,very_low
1,1,0,35.0,0,0,PC 17755,9.661740104981664,B101,C,1,adult,very_low
0,3,0,29.69911764705882,0,0,349201,-0.4891674544258282,,S,1,young_adult,very_low
0,3,0,29.69911764705882,0,0,349218,-0.4891674544258282,,S,1,young_adult,very_low
1,1,0,29.69911764705882,0,0,16988,-0.04435612576548362,D45,S,1,young_adult,very_low
0,1,0,36.0,1,0,19877,0.938671235779283,C46,S,2,adult,very_low
1,1,1,21.0,2,2,PC 17608,4.631815484039331,B57 B59 B63 B66,C,5,young_adult,very_low
0,3,0,24.0,1,0,376566,-0.32407117848753597,,S,2,young_adult,very_low
1,3,0,31.0,0,0,STON/O 2. 3101288,-0.48857985158126105,,S,1,adult,very_low
0,1,0,70.0,1,1,WE/P 5735,0.7807026628391313,B22,S,3,senior,very_low
0,3,0,16.0,1,1,C.A. 2673,-0.24055913037267862,,S,3,child,very_low
1,2,1,30.0,0,0,250648,-0.38645367226008004,,S,1,adult,very_low
0,1,0,19.0,1,0,113773,0.4204940697654092,D30,S,2,young_adult,very_low
0,3,0,31.0,0,0,335097,-0.49210144397164657,,Q,1,adult,very_low
1,2,1,4.0,1,1,29103,-0.18521982138090567,,S,3,child,very_low
1,3,0,6.0,0,1,392096,-0.39701844943123665,E121,S,2,child,very_low
0,3,0,33.0,0,0,345780,-0.4568855200677911,,S,1,adult,very_low
0,3,0,23.0,0,0,349204,-0.4891674544258282,,S,1,young_adult,very_low
1,2,1,48.0,1,2,220845,0.6599623523116267,,S,4,adult,very_low
1,2,0,0.67,1,1,250649,-0.35626859462820387,,S,3,child,very_low
0,3,0,28.0,0,0,350042,-0.49117979293462,,S,1,young_adult,very_low
0,2,0,18.0,0,0,29108,-0.4166387498919562,,S,1,young_adult,very_low
0,3,0,34.0,0,0,363294,-0.48606442844527137,,S,1,adult,very_low
1,1,1,33.0,0,0,110152,1.0926151317018515,B77,S,1,adult,very_low
0,3,0,29.69911764705882,0,0,358585,-0.35626859462820387,,S,1,young_adult,very_low
0,3,0,41.0,0,0,SOTON/O2 3101272,-0.504678559651595,,S,1,adult,very_low
1,3,0,20.0,0,0,2663,-0.502581702925434,,C,1,young_adult,very_low
1,1,1,36.0,1,2,113760,1.7667485321470857,B96 B98,S,4,adult,very_low
0,3,0,16.0,0,0,347074,-0.4915983593444487,,S,1,child,very_low
1,1,1,51.0,1,0,13502,0.9207272132963871,D11,S,2,senior,very_low
0,1,0,29.69911764705882,0,0,112379,0.1488283710785238,,C,1,young_adult,very_low
0,3,1,30.5,0,0,364850,-0.49210144397164657,,Q,1,adult,very_low
0,3,0,29.69911764705882,1,0,371110,-0.16207792852980066,,Q,2,young_adult,very_low
0,3,0,32.0,0,0,8471,-0.47977587060529714,,S,1,adult,very_low
0,3,0,24.0,0,0,345781,-0.4568855200677911,,S,1,young_adult,very_low
0,3,0,48.0,0,0,350047,-0.4900045872454856,,S,1,adult,very_low
0,2,1,57.0,0,0,S.O./P.P. 3,-0.43676213497987365,E77,S,1,senior,very_low
0,3,0,29.69911764705882,0,0,2674,-0.5026662211428032,,C,1,young_adult,very_low
1,2,1,54.0,1,3,29105,-0.18521982138090567,,S,5,senior,very_low
0,3,0,18.0,0,0,347078,-0.49210144397164657,,S,1,young_adult,very_low
0,3,0,29.69911764705882,0,0,383121,-0.49210144397164657,F38,Q,1,young_adult,very_low
1,3,1,5.0,0,0,364516,-0.39701844943123665,,S,1,child,very_low
0,3,0,29.69911764705882,0,0,36865,-0.49235298628524554,,Q,1,young_adult,very_low
1,1,1,43.0,0,1,24160,3.6047682176147444,B3,S,2,adult,very_low
1,3,1,13.0,0,0,2687,-0.502581702925434,,C,1,child,very_low
1,1,1,17.0,1,0,17474,0.4989752716082872,B20,S,2,child,very_low
0,1,0,29.0,0,0,113501,-0.04435612576548362,D6,S,1,young_adult,very_low
0,3,0,29.69911764705882,1,2,W./C. 6607,-0.17616429809134285,,S,4,young_adult,very_low
0,3,0,25.0,0,0,SOTON/O.Q. 3101312,-0.5061878135331888,,S,1,young_adult,very_low
0,3,0,25.0,0,0,374887,-0.5021631365156053,,S,1,young_adult,very_low
1,3,1,18.0,0,0,3101265,-0.4972168084609952,,S,1,young_adult,very_low
0,3,0,8.0,4,1,382652,-0.061964087717411374,,Q,6,child,very_low
1,3,0,1.0,1,2,C.A. 2315,-0.23401903021910547,,S,4,child,very_low
0,1,0,46.0,0,0,PC 17593,0.9457144205600544,B82 B84,C,1,adult,very_low
0,3,0,29.69911764705882,0,0,12460,-0.49210144397164657,,Q,1,young_adult,very_low
0,2,0,16.0,0,0,239865,-0.12484966611715337,,S,1,child,very_low
0,3,1,29.69911764705882,8,2,CA. 2343,0.751523754461651,,S,11,young_adult,very_low
0,1,0,29.69911764705882,0,0,PC 17600,-0.03035427442131069,,C,1,young_adult,very_low
0,3,0,25.0,0,0,349203,-0.4891674544258282,,S,1,young_adult,very_low
0,2,0,39.0,0,0,28213,-0.38645367226008004,,S,1,adult,very_low
1,1,1,49.0,0,0,17465,-0.1262744017813779,D17,S,1,adult,very_low
1,3,1,31.0,0,0,349244,-0.47332028866909326,,S,1,adult,very_low
0,3,0,30.0,0,0,2685,-0.502581702925434,,C,1,adult,very_low
0,3,1,30.0,1,1,345773,-0.16207792852980066,,S,3,adult,very_low
0,2,0,34.0,0,0,250647,-0.38645367226008004,,S,1,adult,very_low
1,2,1,31.0,1,1,C.A. 31921,-0.11981881984517401,,S,3,adult,very_low
1,1,0,11.0,1,2,113760,1.7667485321470857,B96 B98,S,4,child,very_low
1,3,0,0.42,0,1,2625,-0.4766728446247403,,C,2,child,very_low
1,3,0,27.0,0,0,347089,-0.5076970674147826,,S,1,young_adult,very_low
0,3,0,31.0,0,0,347063,-0.4915983593444487,,S,1,adult,very_low
0,1,0,39.0,0,0,112050,-0.6480576784030068,A36,S,1,adult,very_low
0,3,1,18.0,0,0,347087,-0.4915983593444487,,S,1,young_adult,very_low
0,2,0,39.0,0,0,248723,-0.38645367226008004,,S,1,adult,very_low
1,1,1,33.0,1,0,113806,0.4204940697654092,E8,S,2,adult,very_low
0,3,0,26.0,0,0,3474,-0.48933447852205797,,S,1,young_adult,very_low
0,3,0,39.0,0,0,A/4 48871,-0.16207792852980066,,S,1,adult,very_low
0,2,0,35.0,0,0,28206,-0.43676213497987365,,S,1,adult,very_low
0,3,1,6.0,4,2,347082,-0.01869880977838891,,S,7,child,very_low
0,3,0,30.5,0,0,364499,-0.48606442844527137,,S,1,adult,very_low
0,1,0,29.69911764705882,0,0,112058,-0.6480576784030068,B102,S,1,young_adult,very_low
0,3,1,23.0,0,0,STON/O2. 3101290,-0.48857985158126105,,S,1,young_adult,very_low
0,2,0,31.0,1,1,S.C./PARIS 2079,0.09659208806730764,,C,3,adult,very_low
0,3,0,43.0,0,0,C 7075,-0.5182618445859393,,S,1,adult,very_low
0,3,0,10.0,3,2,347088,-0.08661523445011025,,S,6,child,very_low
1,1,1,52.0,1,1,12749,1.2334788273172737,B69,S,3,senior,very_low
1,3,0,27.0,0,0,315098,-0.4737388550789219,,S,1,young_adult,very_low
0,1,0,38.0,0,0,19972,-0.6480576784030068,,S,1,adult,very_low
1,3,1,27.0,0,1,392096,-0.39701844943123665,E121,S,2,young_adult,very_low
0,3,0,2.0,4,1,3101295,0.15058916727371655,,S,6,child,very_low
0,3,0,29.69911764705882,0,0,368323,-0.5082001520419805,,Q,1,young_adult,very_low
0,3,0,29.69911764705882,0,0,1601,0.48882906084695926,,S,1,young_adult,very_low
1,2,0,1.0,0,2,S.C./PARIS 2079,0.09659208806730764,,C,3,child,very_low
1,3,0,29.69911764705882,0,0,367228,-0.49210144397164657,,Q,1,young_adult,very_low
1,1,1,62.0,0,0,113572,0.9618131286303883,B28,,1,senior,very_low
1,3,1,15.0,1,0,2659,-0.3571902456652305,,C,2,child,very_low
1,2,0,0.83,1,1,29106,-0.2707442080045548,,S,3,child,very_low
0,3,0,29.69911764705882,0,0,2671,-0.502581702925434,,C,1,young_adult,very_low
0,3,0,23.0,0,0,347468,-0.4900045872454856,,S,1,young_adult,very_low
0,3,0,18.0,0,0,2223,-0.481033582173292,,S,1,young_adult,very_low
1,1,1,39.0,1,1,PC 17756,1.0253688157535579,E49,C,3,adult,very_low
0,3,0,21.0,0,0,315097,-0.4737388550789219,,S,1,young_adult,very_low
0,3,0,29.69911764705882,0,0,392092,-0.48606442844527137,,S,1,young_adult,very_low
1,3,0,32.0,0,0,1601,0.48882906084695926,,S,1,adult,very_low
1,1,0,29.69911764705882,0,0,11774,-0.05039314129185886,C47,C,1,young_adult,very_low
0,3,0,20.0,0,0,SOTON/O2 3101287,-0.48857985158126105,,S,1,young_adult,very_low
0,2,0,16.0,0,0,S.O./P.P. 3,-0.43676213497987365,,S,1,child,very_low
1,1,1,30.0,0,0,113798,-0.024232740677566176,,C,1,adult,very_low
0,3,0,34.5,0,0,2683,-0.5185133868995382,,C,1,adult,very_low
0,3,0,17.0,0,0,315090,-0.4737388550789219,,S,1,child,very_low
0,3,0,42.0,0,0,C.A. 5547,-0.4961261209892301,,S,1,adult,very_low
0,3,0,29.69911764705882,8,2,CA. 2343,0.751523754461651,,S,11,young_adult,very_low
0,3,0,35.0,0,0,349213,-0.4891674544258282,,C,1,adult,very_low
0,2,0,28.0,0,1,248727,0.016014029498268696,,S,2,young_adult,very_low
1,1,1,29.69911764705882,1,0,17453,1.1450204511478064,C92,C,2,young_adult,very_low
0,3,0,4.0,4,2,347082,-0.01869880977838891,,S,7,child,very_low
0,3,0,74.0,0,0,347060,-0.4915983593444487,,S,1,senior,very_low
0,3,1,9.0,1,1,2678,-0.34126057402963506,,C,3,child,very_low
1,1,1,16.0,0,1,PC 17592,0.14480369406094026,D28,S,2,child,very_low
0,2,1,44.0,1,0,244252,-0.12484966611715337,,S,2,adult,very_low
1,3,1,18.0,0,1,392091,-0.45990402783097867,,S,2,young_adult,very_low
1,1,1,45.0,1,1,36928,2.669618413871151,,S,3,adult,very_low
1,1,0,51.0,0,0,113055,-0.11378180431879875,E17,S,1,senior,very_low
1,3,1,24.0,0,3,2666,-0.26051549136436636,,C,4,young_adult,very_low
0,3,0,29.69911764705882,0,0,2629,-0.502581702925434,,C,1,young_adult,very_low
0,3,0,41.0,2,0,350026,-0.36415092456714115,,S,3,adult,very_low
0,2,0,21.0,1,0,28134,-0.4166387498919562,,S,2,young_adult,very_low
1,1,1,48.0,0,0,17466,-0.1262744017813779,D17,S,1,adult,very_low
0,3,1,29.69911764705882,8,2,CA. 2343,0.751523754461651,,S,11,young_adult,very_low
0,2,0,24.0,0,0,233866,-0.38645367226008004,,S,1,young_adult,very_low
1,2,1,42.0,0,0,236852,-0.38645367226008004,,S,1,adult,very_low
1,2,1,27.0,1,0,SC/PARIS 2149,-0.3691817708391205,,C,2,young_adult,very_low
0,1,0,31.0,0,0,PC 17590,0.36808875031945465,A24,S,1,adult,very_low
0,3,0,29.69911764705882,0,0,345777,-0.4568855200677911,,S,1,young_adult,very_low
1,3,0,4.0,1,1,347742,-0.42401799520369554,,S,3,child,very_low
0,3,0,26.0,0,0,349248,-0.4891674544258282,,S,1,young_adult,very_low
1,1,1,47.0,1,1,11751,0.40951072618442386,D35,S,3,adult,very_low
0,1,0,33.0,0,0,695,-0.5474407529634195,B51 B53 B55,S,1,adult,very_low
0,3,0,47.0,0,0,345765,-0.4669472126117498,,S,1,adult,very_low
1,2,1,28.0,1,0,P/PP 3381,-0.16509643629298823,,C,2,young_adult,very_low
1,3,1,15.0,0,0,2667,-0.5026662211428032,,C,1,child,very_low
0,3,0,20.0,0,0,7534,-0.4499268535043892,,S,1,young_adult,very_low
0,3,0,19.0,0,0,349212,-0.4891674544258282,,S,1,young_adult,very_low
0,3,0,29.69911764705882,0,0,349217,-0.4891674544258282,,S,1,young_adult,very_low
1,1,1,56.0,0,1,11767,1.0253688157535579,C50,C,2,senior,very_low
1,2,1,25.0,0,1,230433,-0.12484966611715337,,S,2,young_adult,very_low
0,3,0,33.0,0,0,349257,-0.4891674544258282,,S,1,adult,very_low
0,3,1,22.0,0,0,7552,-0.4364260744489054,,S,1,young_adult,very_low
0,2,0,28.0,0,0,C.A./SOTON 34068,-0.43676213497987365,,S,1,young_adult,very_low
0,3,0,25.0,0,0,SOTON/OQ 392076,-0.5061878135331888,,S,1,young_adult,very_low
0,3,1,39.0,0,5,382652,-0.061964087717411374,,Q,6,adult,very_low
0,2,0,27.0,0,0,211536,-0.38645367226008004,,S,1,young_adult,very_low
1,1,1,19.0,0,0,112053,-0.04435612576548362,B42,S,1,young_adult,very_low
0,3,1,29.69911764705882,1,2,W./C. 6607,-0.17616429809134285,,S,4,young_adult,very_low
1,1,0,26.0,0,0,111369,-0.04435612576548362,C148,C,1,young_adult,very_low
0,3,0,32.0,0,0,370376,-0.49210144397164657,,Q,1,adult,very_low
